"max_views","country_name","views","artist_name","artist_link","track_name","track_link","location_id","rank","date_range","latitude","longitude","formatted_address","country_name","fips","iso","tld"
71352,"Afghanistan",71352,"Mohsen Yeganeh","/insights/artist?entity_params_entity=ARTIST&entity_params_id=%2Fm%2F0dlkgwl","Behet Ghol Midam","https://www.youtube.com/watch?v=hcDwmtDpnSE","0x38d16eb6f8ff026d:0xf3b5460dbe96da78",1,20171221,33.93911,67.709953,"Afghanistan","Afghanistan","AF","AF",".af"
1769714,"Albania",1769714,"--","/insights/artist?entity_params_entity=ARTIST&entity_params_id","Bes Kallaku ft Klajdi Haruni - Skifterja zemres","https://www.youtube.com/watch?v=orwXmkQXfzc","0x13453bf3bd274c2d:0x77ce589d6983bee",0,20171221,41.153332,20.168331,"Albania","Albania","AL","AL",".al"
49363,"Andorra",49363,"Luis Fonsi","/insights/artist?entity_params_entity=ARTIST&entity_params_id=%2Fm%2F063c3f","Échame la Culpa","https://www.youtube.com/watch?v=TyHvyGVs42U","0x12a5f52e989ef095:0x7c93ed778ea7f92",0,20171221,42.506285,1.521801,"Andorra","Andorra","AN","AD",".ad"
202666,"Angola",202666,"Scró Qui Cuia","/insights/artist?entity_params_entity=ARTIST&entity_params_id","Vou Partir Cama","https://www.youtube.com/watch?v=VeaQtiogx18","0x1a51f24ecaad8b27:0x590a289d0d4a4e3d",0,20171221,-11.202692,17.873887,"Angola","Angola","AO","AO",".ao"
2693,"Anguilla",2693,"Lil Pump","/insights/artist?entity_params_entity=ARTIST&entity_params_id=%2Fg%2F11dyxzlwk2","Gucci Gang","https://www.youtube.com/watch?v=4LfJnj66HVQ","0x8c0e63748eef01e5:0x3b9d6ad384e0d481",0,20171221,18.220554,-63.068615,"Anguilla","Anguilla","AV","AI",".ai"
37026,"Antigua and Barbuda",37026,"Popcaan","/insights/artist?entity_params_entity=ARTIST&entity_params_id=%2Fm%2F0cmbjx3","El Chapo","https://www.youtube.com/watch?v=DH9MQNECtd8","0x8c0d6eb96db8d1c1:0x276a3788e18b7994",0,20171221,17.060816,-61.796428,"Antigua and Barbuda","Antigua and Barbuda","AC","AG",".ag"
37828968,"Argentina",37828968,"Natti Natasha","/insights/artist?entity_params_entity=ARTIST&entity_params_id=%2Fm%2F0m0j1lt","Criminal","https://www.youtube.com/watch?v=VqEbCxg2bNI","0x95bccaf5f5fdc667:0x3d2f77992af00fa8",0,20171221,-38.416097,-63.616672,"Argentina","Argentina","AR","AR",".ar"
1313318,"Armenia",1313318,"Martin Mkrtchyan","/insights/artist?entity_params_entity=ARTIST&entity_params_id","Qefs Milion A","https://www.youtube.com/watch?v=vbFxb22vu_M","0x40155684e773bac7:0xd0b4757aeb822d23",0,20171221,40.069099,45.038189,"Armenia","Armenia","AM","AM",".am"
64976,"Aruba",64976,"Natti Natasha","/insights/artist?entity_params_entity=ARTIST&entity_params_id=%2Fm%2F0m0j1lt","Criminal","https://www.youtube.com/watch?v=VqEbCxg2bNI","0x8e8538cfe25a77db:0xf16a8a3e89818c2f",0,20171221,12.52111,-69.968338,"Aruba","Aruba","AA","AW",".aw"
5960463,"Australia",5960463,"Camila Cabello","/insights/artist?entity_params_entity=ARTIST&entity_params_id=%2Fm%2F0vzgltt","Havana","https://www.youtube.com/watch?v=BQ0mxQXmLsk","0x2b2bfd076787c5df:0x538267a1955b1352",0,20171221,-25.274398,133.775136,"Australia","Australia","AS","AU",".au"
2591910,"Austria",2591910,"Ed Sheeran","/insights/artist?entity_params_entity=ARTIST&entity_params_id=%2Fm%2F0g9sr1k","Perfect","https://www.youtube.com/watch?v=2Vv-BfVoq4g","0x476d079b259d2a7f:0x1012d47bdde4c1af",0,20171221,47.516231,14.550072,"Austria","Austria","AU","AT",".at"
2276612,"Azerbaijan",2276612,"--","/insights/artist?entity_params_entity=ARTIST&entity_params_id","Vasif Azimov Derdimi Dinle 2017","https://www.youtube.com/watch?v=gYGuiuVgse4","0x40307cd91aa21ddf:0xe6c9526b3e83cd08",0,20171221,40.143105,47.576927,"Azerbaijan","Azerbaijan","AJ","AZ",".az"
180223,"Bahamas, The",180223,"Lil Pump","/insights/artist?entity_params_entity=ARTIST&entity_params_id=%2Fg%2F11dyxzlwk2","Gucci Gang","https://www.youtube.com/watch?v=4LfJnj66HVQ","0x88d69a3bb2480f3d:0x133eb4836ac779e5",0,20171221,25.03428,-77.39628,"The Bahamas","Bahamas, The","BF","BS",".bs"
395312,"Bahrain",395312,"Youssef Al Omani","/insights/artist?entity_params_entity=ARTIST&entity_params_id","سلطان العماني - الله يوفقك (حصريا) 2017 Sultan Alomane - ِAla Yofkak","https://www.youtube.com/watch?v=4sNwWZEYAtk","0x3e48524e6a47a211:0x2e9450e2dbda1046",0,20171221,26.0667,50.5577,"Bahrain","Bahrain","BA","BH",".bh"
4334349,"Bangladesh",4334349,"Amar Arshi","/insights/artist?entity_params_entity=ARTIST&entity_params_id","Kala Chashma","https://www.youtube.com/watch?v=k4yXQkG2s1E","0x30adaaed80e18ba7:0xf2d28e0c4e1fc6b",1,20171221,23.684994,90.356331,"Bangladesh","Bangladesh","BG","BD",".bd"
123774,"Barbados",123774,"Popcaan","/insights/artist?entity_params_entity=ARTIST&entity_params_id=%2Fm%2F0cmbjx3","El Chapo","https://www.youtube.com/watch?v=DH9MQNECtd8","0x8c43f1fbae321aa3:0xeec51b38cf4362b",0,20171221,13.193887,-59.543198,"Barbados","Barbados","BB","BB",".bb"
1518737,"Belarus",1518737,"Vremya i Steklo","/insights/artist?entity_params_entity=ARTIST&entity_params_id=%2Fg%2F11b6swz3_h","Тролль","https://www.youtube.com/watch?v=q--5Ht49vNY","0x46da2584e2ad4881:0xa1d181ec8c10",0,20171221,53.709807,27.953389,"Belarus","Belarus","BO","BY",".by"
97334,"Belize",97334,"Natti Natasha","/insights/artist?entity_params_entity=ARTIST&entity_params_id=%2Fm%2F0m0j1lt","Criminal","https://www.youtube.com/watch?v=VqEbCxg2bNI","0x8f5c5b3ec112faf9:0xf64a8a4d3f1ee34e",0,20171221,17.189877,-88.49765,"Belize","Belize","BH","BZ",".bz"
22004,"Bermuda",22004,"Camila Cabello","/insights/artist?entity_params_entity=ARTIST&entity_params_id=%2Fm%2F0vzgltt","Havana","https://www.youtube.com/watch?v=BQ0mxQXmLsk","0x8a2d139e8668b0a5:0x3cdffdc72c99b8bc",0,20171221,32.3078,-64.7505,"Bermuda","Bermuda","BD","BM",".bm"
2942598,"Bolivia",2942598,"Natti Natasha","/insights/artist?entity_params_entity=ARTIST&entity_params_id=%2Fm%2F0m0j1lt","Criminal","https://www.youtube.com/watch?v=VqEbCxg2bNI","0x915edf8977bba295:0x1c9ec2bb0115edbf",0,20171221,-16.290154,-63.588653,"Bolivia","Bolivia","BL","BO",".bo"
1468647,"Bosnia and Herzegovina",1468647,"Ceca","/insights/artist?entity_params_entity=ARTIST&entity_params_id=%2Fm%2F03f5kjh","Lazov notorni - (Official Video 2017)","https://www.youtube.com/watch?v=RuhRT7OJ8LA","0x134ba215c737a9d7:0x6df7e20343b7e90c",0,20171221,43.915886,17.679076,"Bosnia and Herzegovina","Bosnia and Herzegovina","BK","BA",".ba"
55980031,"Brazil",55980031,"MCs Jhowzinho & Kadinho","/insights/artist?entity_params_entity=ARTIST&entity_params_id=%2Fg%2F11c2x_mdh9","Agora Vai Sentar","https://www.youtube.com/watch?v=SHVkm-TqrT0","0x9c59c7ebcc28cf:0x295a1506f2293e63",0,20171221,-14.235004,-51.92528,"Brazil","Brazil","BR","BR",".br"
258912,"Brunei",258912,"Camila Cabello","/insights/artist?entity_params_entity=ARTIST&entity_params_id=%2Fm%2F0vzgltt","Havana","https://www.youtube.com/watch?v=BQ0mxQXmLsk","0x3218994b04b8b9d1:0x5dfe3580dd09dad6",0,20171221,4.535277,114.727669,"Brunei","Brunei","BX","BN",".bn"
4665352,"Bulgaria",4665352,"Tita","/insights/artist?entity_params_entity=ARTIST&entity_params_id","Antilopa","https://www.youtube.com/watch?v=S37CvSvQN7o","0x40a8fec1c85bf089:0xa01269bf4c10",0,20171221,42.733883,25.48583,"Bulgaria","Bulgaria","BU","BG",".bg"
25117,"Burkina Faso",25117,"DJ Arafat","/insights/artist?entity_params_entity=ARTIST&entity_params_id=%2Fm%2F04n2035","Faut chercher pour toi","https://www.youtube.com/watch?v=upv49d_7PMA","0xe2dca26d5a6709b:0x27930aed46836dab",0,20171221,12.238333,-1.561593,"Burkina Faso","Burkina Faso","UV","BF",".bf"
9695668,"Cambodia",9695668,"MATTEO","/insights/artist?entity_params_entity=ARTIST&entity_params_id=%2Fg%2F11b7_vf8_m","Panama","https://www.youtube.com/watch?v=tMmMTdc7RE0","0x310787bfd4dc3743:0xe4b7bfe089f41253",0,20171221,12.565679,104.990963,"Cambodia","Cambodia","CB","KH",".kh"
213938,"Cameroon",213938,"Fally Ipupa","/insights/artist?entity_params_entity=ARTIST&entity_params_id=%2Fm%2F0hr6vyj","Mannequin","https://www.youtube.com/watch?v=p4ljo8KpBkM","0x10613753703e0f21:0x2b03c44599829b53",0,20171221,7.369722,12.354722,"Cameroon","Cameroon","CM","CM",".cm"
9404292,"Canada",9404292,"Camila Cabello","/insights/artist?entity_params_entity=ARTIST&entity_params_id=%2Fm%2F0vzgltt","Havana","https://www.youtube.com/watch?v=BQ0mxQXmLsk","0x4b0d03d337cc6ad9:0x9968b72aa2438fa5",0,20171221,56.130366,-106.346771,"Canada","Canada","CA","CA",".ca"
37856,"Cape Verde",37856,"Elida Almeida","/insights/artist?entity_params_entity=ARTIST&entity_params_id","É Zonban","https://www.youtube.com/watch?v=JcjZPBN2MXE","0x9358f2159115131:0x6b1af236f918ea1f",0,20171221,16.5388,-23.0418,"Cape Verde","Cape Verde","CV","CV",".cv"
30813,"Cayman Islands",30813,"Camila Cabello","/insights/artist?entity_params_entity=ARTIST&entity_params_id=%2Fm%2F0vzgltt","Havana","https://www.youtube.com/watch?v=BQ0mxQXmLsk","0x8f25863e2fb8aa29:0x7045c4d38770715e",0,20171221,19.3133,-81.2546,"Cayman Islands","Cayman Islands","CJ","KY",".ky"
26680907,"Colombia",26680907,"Natti Natasha","/insights/artist?entity_params_entity=ARTIST&entity_params_id=%2Fm%2F0m0j1lt","Criminal","https://www.youtube.com/watch?v=VqEbCxg2bNI","0x8e15a43aae1594a3:0x9a0d9a04eff2a340",0,20171221,4.570868,-74.297333,"Colombia","Colombia","CO","CO",".co"
67035,"Congo, Democratic Republic of the",67035,"Khaligraph Jones","/insights/artist?entity_params_entity=ARTIST&entity_params_id","Don't Know","https://www.youtube.com/watch?v=Wv01F_65k0k","0x1979facf9a7546bd:0x4c63e5eac93f141",0,20171221,-4.038333,21.758664,"Democratic Republic of the Congo","Congo, Democratic Republic of the","CG","CD",".cd"
2901674,"Costa Rica",2901674,"Natti Natasha","/insights/artist?entity_params_entity=ARTIST&entity_params_id=%2Fm%2F0m0j1lt","Criminal","https://www.youtube.com/watch?v=VqEbCxg2bNI","0x8f92e56221acc925:0x6254f72535819a2b",0,20171221,9.748917,-83.753428,"Costa Rica","Costa Rica","CS","CR",".cr"
636495,"Cote d'Ivoire",636495,"Debordo Leekunfa","/insights/artist?entity_params_entity=ARTIST&entity_params_id=%2Fg%2F1hf_ck2t0","Robot Macador","https://www.youtube.com/watch?v=DZ7zLaKyJhg","0xf961387b049a067:0x1f91e627cb9ee40",0,20171221,7.539989,-5.54708,"Côte d'Ivoire","Cote d'Ivoire","IV","CI",".ci"
1369544,"Croatia",1369544,"Camila Cabello","/insights/artist?entity_params_entity=ARTIST&entity_params_id=%2Fm%2F0vzgltt","Havana","https://www.youtube.com/watch?v=BQ0mxQXmLsk","0x133441080add95ed:0xa0f3c024e1661b7f",0,20171221,45.1,15.2000001,"Croatia","Croatia","HR","HR",".hr"
91591,"Curacao",91591,"Bartofso","/insights/artist?entity_params_entity=ARTIST&entity_params_id","Nada Riba Mi","https://www.youtube.com/watch?v=8z3YF6bQA0Y","0x8e849dbe62c7fdc7:0xfc7f9228dbc64723",0,20171221,12.16957,-68.99002,"Curaçao","Curacao","UC","CW",".cw"
555497,"Cyprus",555497,"Camila Cabello","/insights/artist?entity_params_entity=ARTIST&entity_params_id=%2Fm%2F0vzgltt","Havana","https://www.youtube.com/watch?v=BQ0mxQXmLsk","0x14de1767ca494d55:0x324c3c807fc4146e",0,20171221,35.126413,33.429859,"Cyprus","Cyprus","CY","CY",".cy"
3344008,"Czech Republic",3344008,"Kryštof","/insights/artist?entity_params_entity=ARTIST&entity_params_id=%2Fm%2F01rbdf7","Zůstaň tu se mnou","https://www.youtube.com/watch?v=cK11-8FWe14","0x470b948fd7dd8243:0xf8661c75d3db586f",0,20171221,49.817492,15.472962,"Czechia","Czech Republic","EZ","CZ",".cz"
4898,"Dominica",4898,"Popcaan","/insights/artist?entity_params_entity=ARTIST&entity_params_id=%2Fm%2F0cmbjx3","El Chapo","https://www.youtube.com/watch?v=DH9MQNECtd8","0x8c14d2faf2155a15:0x49b39109053afd3c",0,20171221,15.414999,-61.370976,"Dominica","Dominica","DO","DM",".dm"
12843319,"Ecuador",12843319,"Natti Natasha","/insights/artist?entity_params_entity=ARTIST&entity_params_id=%2Fm%2F0m0j1lt","Criminal","https://www.youtube.com/watch?v=VqEbCxg2bNI","0x902387dda89a4bd5:0x9d76af04119c3702",0,20171221,-1.831239,-78.183406,"Ecuador","Ecuador","EC","EC",".ec"
2668014,"El Salvador",2668014,"Natti Natasha","/insights/artist?entity_params_entity=ARTIST&entity_params_id=%2Fm%2F0m0j1lt","Criminal","https://www.youtube.com/watch?v=VqEbCxg2bNI","0x8f6327a659640657:0x6f9a16eb98854832",0,20171221,13.794185,-88.89653,"El Salvador","El Salvador","ES","SV",".sv"
358433,"Estonia",358433,"Camila Cabello","/insights/artist?entity_params_entity=ARTIST&entity_params_id=%2Fm%2F0vzgltt","Havana","https://www.youtube.com/watch?v=BQ0mxQXmLsk","0x4692949c82a04bfd:0x40ea9fba4fb425c3",0,20171221,58.595272,25.0136071,"Estonia","Estonia","EN","EE",".ee"
88843,"Ethiopia",88843,"Helen Berhe","/insights/artist?entity_params_entity=ARTIST&entity_params_id","Eski Leyew","https://www.youtube.com/watch?v=ZUnB4p1xY6s","0x1635d0cedd6cfd2b:0x7bf6a67f5348c55a",0,20171221,9.145,40.489673,"Ethiopia","Ethiopia","ET","ET",".et"
21340,"Faroe Islands",21340,"Camila Cabello","/insights/artist?entity_params_entity=ARTIST&entity_params_id=%2Fm%2F0vzgltt","Havana","https://www.youtube.com/watch?v=BQ0mxQXmLsk","0x48bc1593762df9eb:0x3fb0314864f71b24",0,20171221,61.892635,-6.9118061,"Faroe Islands","Faroe Islands","FO","FO",".fo"
57897,"Fiji",57897,"Ed Sheeran","/insights/artist?entity_params_entity=ARTIST&entity_params_id=%2Fm%2F0g9sr1k","Perfect","https://www.youtube.com/watch?v=2Vv-BfVoq4g","0x6e1990fd703cdc5d:0x9e9c319946ef5b93",0,20171221,-17.713371,178.065032,"Fiji","Fiji","FJ","FJ",".fj"
876892,"Finland",876892,"Camila Cabello","/insights/artist?entity_params_entity=ARTIST&entity_params_id=%2Fm%2F0vzgltt","Havana","https://www.youtube.com/watch?v=BQ0mxQXmLsk","0x4681cadf4b32f6dd:0x146d63c75a810",0,20171221,61.92411,25.7481511,"Finland","Finland","FI","FI",".fi"
95366,"French Polynesia",95366,"Ed Sheeran","/insights/artist?entity_params_entity=ARTIST&entity_params_id=%2Fm%2F0g9sr1k","Perfect","https://www.youtube.com/watch?v=2Vv-BfVoq4g","0x741875d07c6dd74d:0x9bc07a7a09c35711",0,20171221,-17.679742,-149.406843,"French Polynesia","French Polynesia","FP","PF",".pf"
56318,"Gabon",56318,"Don'Zer","/insights/artist?entity_params_entity=ARTIST&entity_params_id","Goudronier","https://www.youtube.com/watch?v=g0a7g5EVPRc","0x107f3b8a5438f3ed:0x7b0cc30e36786b15",0,20171221,-0.803689,11.609444,"Gabon","Gabon","GB","GA",".ga"
1495895,"Georgia",1495895,"Luis Fonsi","/insights/artist?entity_params_entity=ARTIST&entity_params_id=%2Fm%2F063c3f","Despacito","https://www.youtube.com/watch?v=kJQP7kiw5Fk","0x40440cd7e64f626b:0x4f907964122d4ac2",1,20171221,42.315407,43.356892,"Georgia","Georgia","GG","GE",".ge"
17920634,"Germany",17920634,"Bausa","/insights/artist?entity_params_entity=ARTIST&entity_params_id","Was Du Liebe nennst","https://www.youtube.com/watch?v=TSkVVVBS9k8","0x479a721ec2b1be6b:0x75e85d6b8e91e55b",0,20171221,51.165691,10.451526,"Germany","Germany","GM","DE",".de"
410401,"Ghana",410401,"Ebony Reigns","/insights/artist?entity_params_entity=ARTIST&entity_params_id","Maame Hw3","https://www.youtube.com/watch?v=d8cJoGtU660","0xfd75acda8dad6c7:0x54d7f230d093d236",0,20171221,7.946527,-1.023194,"Ghana","Ghana","GH","GH",".gh"
24161,"Gibraltar",24161,"Camila Cabello","/insights/artist?entity_params_entity=ARTIST&entity_params_id=%2Fm%2F0vzgltt","Havana","https://www.youtube.com/watch?v=BQ0mxQXmLsk","0xd0cbf762714be35:0x384e25263600870f",0,20171221,36.140751,-5.353585,"Gibraltar","Gibraltar","GI","GI",".gi"
4844484,"Greece",4844484,"Camila Cabello","/insights/artist?entity_params_entity=ARTIST&entity_params_id=%2Fm%2F0vzgltt","Havana","https://www.youtube.com/watch?v=BQ0mxQXmLsk","0x135b4ac711716c63:0x363a1775dc9a2d1d",0,20171221,39.074208,21.824312,"Greece","Greece","GR","GR",".gr"
68558,"Grenada",68558,"Popcaan","/insights/artist?entity_params_entity=ARTIST&entity_params_id=%2Fm%2F0cmbjx3","El Chapo","https://www.youtube.com/watch?v=DH9MQNECtd8","0x8c381789f4877bd1:0x36d8c7015a1f4f8e",0,20171221,12.1165,-61.679,"Grenada","Grenada","GJ","GD",".gd"
147475,"Guam",147475,"Ed Sheeran","/insights/artist?entity_params_entity=ARTIST&entity_params_id=%2Fm%2F0g9sr1k","Perfect","https://www.youtube.com/watch?v=2Vv-BfVoq4g","0x671f76ff930f24ef:0x5571ae91c5b3e5a6",0,20171221,13.444304,144.793731,"Guam","Guam","GQ","GU",".gu"
3347511,"Guatemala",3347511,"Natti Natasha","/insights/artist?entity_params_entity=ARTIST&entity_params_id=%2Fm%2F0m0j1lt","Criminal","https://www.youtube.com/watch?v=VqEbCxg2bNI","0x8588135036e7506b:0x35982b375b84d5bb",0,20171221,15.783471,-90.230759,"Guatemala","Guatemala","GT","GT",".gt"
18546,"Guernsey",18546,"Camila Cabello","/insights/artist?entity_params_entity=ARTIST&entity_params_id=%2Fm%2F0vzgltt","Havana","https://www.youtube.com/watch?v=BQ0mxQXmLsk","0x480d20e4f4bfb3ed:0x990ad58a5d0d9899",0,20171221,49.465691,-2.585278,"Guernsey","Guernsey","GK","GG",".gg"
29806,"Guinea",29806,"AZAYA","/insights/artist?entity_params_entity=ARTIST&entity_params_id","Le Messi","https://www.youtube.com/watch?v=K-EMLa1A6eA","0xf01b321bcce953f:0xe8737bcbd75a2df6",0,20171221,9.945587,-9.696645,"Guinea","Guinea","GV","GN",".gn"
141760,"Guyana",141760,"Vybz Kartel","/insights/artist?entity_params_entity=ARTIST&entity_params_id=%2Fm%2F01pr5zc","Mhm Hm","https://www.youtube.com/watch?v=gP0I3GgfwGc","0x8dafefaf60d8c2b3:0x48e38867b6e54440",0,20171221,4.860416,-58.93018,"Guyana","Guyana","GY","GY",".gy"
121630,"Haiti",121630,"Roody Rood Boy","/insights/artist?entity_params_entity=ARTIST&entity_params_id","Blok pam","https://www.youtube.com/watch?v=Y0JJxCycIhQ","0x8eb6c6f37fcbbb11:0xb51438b24c54f6d3",0,20171221,18.971187,-72.285215,"Haiti","Haiti","HA","HT",".ht"
2235520,"Honduras",2235520,"Natti Natasha","/insights/artist?entity_params_entity=ARTIST&entity_params_id=%2Fm%2F0m0j1lt","Criminal","https://www.youtube.com/watch?v=VqEbCxg2bNI","0x8f6a751a73b731cf:0x7ed1de82b6fb8264",0,20171221,15.199999,-86.241905,"Honduras","Honduras","HO","HN",".hn"
1360835,"Hong Kong",1360835,"TWICE","/insights/artist?entity_params_entity=ARTIST&entity_params_id=%2Fg%2F11btzyw8k4","LIKEY","https://www.youtube.com/watch?v=V2hlQkVJZhE","0x3403e2eda332980f:0xf08ab3badbeac97c",0,20171221,22.396428,114.109497,"Hong Kong","Hong Kong","HK","HK",".hk"
4089700,"Hungary",4089700,"Camila Cabello","/insights/artist?entity_params_entity=ARTIST&entity_params_id=%2Fm%2F0vzgltt","Havana","https://www.youtube.com/watch?v=BQ0mxQXmLsk","0x4741837bdf37e4c3:0xc4290c1e1010",0,20171221,47.162494,19.5033041,"Hungary","Hungary","HU","HU",".hu"
110114,"Iceland",110114,"Camila Cabello","/insights/artist?entity_params_entity=ARTIST&entity_params_id=%2Fm%2F0vzgltt","Havana","https://www.youtube.com/watch?v=BQ0mxQXmLsk","0x48d22b52a3eb6043:0x6f8a0434e5c1459a",0,20171221,64.963051,-19.020835,"Iceland","Iceland","IC","IS",".is"
78988606,"India",78988606,"Shreya Ghoshal","/insights/artist?entity_params_entity=ARTIST&entity_params_id=%2Fm%2F06qvc0","Ghoomar","https://www.youtube.com/watch?v=6cKErCWrb44","0x30635ff06b92b791:0xd78c4fa1854213a6",1,20171221,20.593684,78.96288,"India","India","IN","IN",".in"
41501392,"Indonesia",41501392,"Nella Kharisma","/insights/artist?entity_params_entity=ARTIST&entity_params_id=%2Fg%2F11dyzf5ssk","Jaran Goyang","https://www.youtube.com/watch?v=8nA-apwq0aY","0x2c4c07d7496404b7:0xe37b4de71badf485",0,20171221,-0.789275,113.921327,"Indonesia","Indonesia","ID","ID",".id"
16954,"Iran",16954,"Mansour","/insights/artist?entity_params_entity=ARTIST&entity_params_id=%2Fm%2F0k_z84","Bari Bakh","https://www.youtube.com/watch?v=3zx7mEDq_gM","0x3ef7ec2ec16b1df1:0x40b095d39e51face",0,20171221,32.427908,53.688046,"Iran","Iran","IR","IR",".ir"
28120,"Isle of Man",28120,"Camila Cabello","/insights/artist?entity_params_entity=ARTIST&entity_params_id=%2Fm%2F0vzgltt","Havana","https://www.youtube.com/watch?v=BQ0mxQXmLsk","0x48638530442e81d5:0xea025bbcf1f0e00d",0,20171221,54.236107,-4.548056,"Isle of Man","Isle of Man","IM","IM",".im"
4705098,"Israel",4705098,"Static and Ben El Tavori","/insights/artist?entity_params_entity=ARTIST&entity_params_id","הכל לטובה","https://www.youtube.com/watch?v=ZOYQ94ylTGY","0x1500492432a7c98b:0x6a6b422013352cba",0,20171221,31.046051,34.851612,"Israel","Israel","IS","IL",".il"
17219018,"Italy",17219018,"Ed Sheeran","/insights/artist?entity_params_entity=ARTIST&entity_params_id=%2Fm%2F0g9sr1k","Perfect","https://www.youtube.com/watch?v=2Vv-BfVoq4g","0x12d4fe82448dd203:0xe22cf55c24635e6f",0,20171221,41.87194,12.56738,"Italy","Italy","IT","IT",".it"
772902,"Jamaica",772902,"Alkaline","/insights/artist?entity_params_entity=ARTIST&entity_params_id=%2Fg%2F11bcf53hqz","Suave","https://www.youtube.com/watch?v=m2_QDsFU1Ks","0x8eda2a1bc6cf719d:0x59a0d1c0b5120efa",0,20171221,18.109581,-77.297508,"Jamaica","Jamaica","JM","JM",".jm"
35427,"Jersey",35427,"Camila Cabello","/insights/artist?entity_params_entity=ARTIST&entity_params_id=%2Fm%2F0vzgltt","Havana","https://www.youtube.com/watch?v=BQ0mxQXmLsk","0x480c52a48c927533:0x519c23a30a1a6cc3",0,20171221,49.214439,-2.13125,"Jersey","Jersey","JE","JE",".je"
3557333,"Jordan",3557333,"Oka Wi Ortega","/insights/artist?entity_params_entity=ARTIST&entity_params_id","العب يلا","https://www.youtube.com/watch?v=7YVydzZHU6U","0x15006f476664de99:0x8d285b0751264e99",0,20171221,30.585164,36.238414,"Jordan","Jordan","JO","JO",".jo"
2990186,"Kazakhstan",2990186,"PSY","/insights/artist?entity_params_entity=ARTIST&entity_params_id=%2Fm%2F0cxm11","Gangnam Style","https://www.youtube.com/watch?v=9bZkp7q19f0","0x38a91007ecfca947:0x5f7b842fe4b30e1b",1,20171221,48.019573,66.923684,"Kazakhstan","Kazakhstan","KZ","KZ",".kz"
1335634,"Kenya",1335634,"Sauti Sol","/insights/artist?entity_params_entity=ARTIST&entity_params_id=%2Fm%2F0h3xn8q","Melanin","https://www.youtube.com/watch?v=D8LFwC1nEpU","0x182780d08350900f:0x403b0eb0a1976dd9",0,20171221,-0.023559,37.906193,"Kenya","Kenya","KE","KE",".ke"
28327651,"Korea, South",28327651,"Red Velvet","/insights/artist?entity_params_entity=ARTIST&entity_params_id=%2Fm%2F011f4pqj","Peek-A-Boo","https://www.youtube.com/watch?v=6uJf2IT2Zh8","0x356455ebcb11ba9b:0x91249b00ba88db4b",0,20171221,35.907757,127.766922,"South Korea","Korea, South","KS","KR",".kr"
15316,"Kosovo",15316,"Fero","/insights/artist?entity_params_entity=ARTIST&entity_params_id","Fero - A pe din qysh","https://www.youtube.com/watch?v=8DLlAz2H6kI","0x13537af354bf7df1:0xbfffeedfabc31791",0,20171221,42.6026359,20.902977,"Kosovo","Kosovo","KV","XK","-"
1619008,"Kuwait",1619008,"بدر الشعيفاني","/insights/artist?entity_params_entity=ARTIST&entity_params_id","عيدية حرب","https://www.youtube.com/watch?v=UjDI5iFYhZg","0x3fc5363fbeea51a1:0x74726bcd92d8edd2",0,20171221,29.31166,47.481766,"Kuwait","Kuwait","KU","KW",".kw"
591510,"Kyrgyzstan",591510,"MiyaGi & Endshpiel","/insights/artist?entity_params_entity=ARTIST&entity_params_id","I Got Love","https://www.youtube.com/watch?v=nidQCt_HEsY","0x3897381dfce927f3:0x281058b74e88c433",0,20171221,41.20438,74.766098,"Kyrgyzstan","Kyrgyzstan","KG","KG",".kg"
4092164,"Laos",4092164,"MATTEO","/insights/artist?entity_params_entity=ARTIST&entity_params_id=%2Fg%2F11b7_vf8_m","Panama","https://www.youtube.com/watch?v=tMmMTdc7RE0","0x31149057b0824589:0xec592481f99cd81",0,20171221,19.85627,102.495496,"Laos","Laos","LA","LA",".la"
526517,"Latvia",526517,"Camila Cabello","/insights/artist?entity_params_entity=ARTIST&entity_params_id=%2Fm%2F0vzgltt","Havana","https://www.youtube.com/watch?v=BQ0mxQXmLsk","0x46e930677b8a9afd:0xcfcd68f2fc10",0,20171221,56.879635,24.603189,"Latvia","Latvia","LG","LV",".lv"
885871,"Lebanon",885871,"Tarab Shaabi","/insights/artist?entity_params_entity=ARTIST&entity_params_id","Jenno Wo Netto","https://www.youtube.com/watch?v=t1KZyq0JN0A","0x151f17028422aaad:0xcc7d34096c00f970",0,20171221,33.854721,35.862285,"Lebanon","Lebanon","LE","LB",".lb"
200119,"Libya",200119,"L'Algérino","/insights/artist?entity_params_entity=ARTIST&entity_params_id=%2Fm%2F04gvf3y","Les Menottes (Tching Tchang Tchong)","https://www.youtube.com/watch?v=Fvw4vOXyBPU","0x13a892d98ece010d:0xfa076041c7f9c22a",0,20171221,26.3351,17.228331,"Libya","Libya","LY","LY",".ly"
1256531,"Lithuania",1256531,"Camila Cabello","/insights/artist?entity_params_entity=ARTIST&entity_params_id=%2Fm%2F0vzgltt","Havana","https://www.youtube.com/watch?v=BQ0mxQXmLsk","0x46dd94140f33be13:0xf30a54d3a55dbab9",0,20171221,55.169438,23.881275,"Lithuania","Lithuania","LH","LT",".lt"
194205,"Luxembourg",194205,"Camila Cabello","/insights/artist?entity_params_entity=ARTIST&entity_params_id=%2Fm%2F0vzgltt","Havana","https://www.youtube.com/watch?v=BQ0mxQXmLsk","0x479545b9ca212147:0x64db60f602d392ef",0,20171221,49.815273,6.129583,"Luxembourg","Luxembourg","LU","LU",".lu"
125075,"Macau",125075,"Ed Sheeran","/insights/artist?entity_params_entity=ARTIST&entity_params_id=%2Fm%2F0g9sr1k","Perfect","https://www.youtube.com/watch?v=2Vv-BfVoq4g","0x34017ae0e235c8f3:0xc67be32cb485acf6",0,20171221,22.198745,113.543873,"Macau","Macau","MC","MO",".mo"
164676,"Madagascar",164676,"Ed Sheeran","/insights/artist?entity_params_entity=ARTIST&entity_params_id=%2Fm%2F0g9sr1k","Perfect","https://www.youtube.com/watch?v=2Vv-BfVoq4g","0x21d1a4e3ea238545:0x5244e3c1977b1388",0,20171221,-18.766947,46.869107,"Madagascar","Madagascar","MA","MG",".mg"
10272641,"Malaysia",10272641,"Camila Cabello","/insights/artist?entity_params_entity=ARTIST&entity_params_id=%2Fm%2F0vzgltt","Havana","https://www.youtube.com/watch?v=BQ0mxQXmLsk","0x3034d3975f6730af:0x745969328211cd8",0,20171221,4.210484,101.975766,"Malaysia","Malaysia","MY","MY",".my"
101377,"Maldives",101377,"Camila Cabello","/insights/artist?entity_params_entity=ARTIST&entity_params_id=%2Fm%2F0vzgltt","Havana","https://www.youtube.com/watch?v=BQ0mxQXmLsk","0x24b599bfaafb7bbd:0x414509e181956289",0,20171221,3.202778,73.22068,"Maldives","Maldives","MV","MV",".mv"
365450,"Malta",365450,"Camila Cabello","/insights/artist?entity_params_entity=ARTIST&entity_params_id=%2Fm%2F0vzgltt","Havana","https://www.youtube.com/watch?v=BQ0mxQXmLsk","0x130e45281d8647c5:0xf582d86136be4239",0,20171221,35.937496,14.375416,"Malta","Malta","MT","MT",".mt"
22865,"Mauritania",22865,"Luis Fonsi","/insights/artist?entity_params_entity=ARTIST&entity_params_id=%2Fm%2F063c3f","Despacito","https://www.youtube.com/watch?v=kJQP7kiw5Fk","0xe80b8c314b3394f:0x83220bebd6be534e",0,20171221,21.00789,-10.940835,"Mauritania","Mauritania","MR","MR",".mr"
473240,"Mauritius",473240,"Camila Cabello","/insights/artist?entity_params_entity=ARTIST&entity_params_id=%2Fm%2F0vzgltt","Havana","https://www.youtube.com/watch?v=BQ0mxQXmLsk","0x217c504df94474c9:0x4203d9c2116bd031",1,20171221,-20.348404,57.552152,"Mauritius","Mauritius","MP","MU",".mu"
58547665,"Mexico",58547665,"Natti Natasha","/insights/artist?entity_params_entity=ARTIST&entity_params_id=%2Fm%2F0m0j1lt","Criminal","https://www.youtube.com/watch?v=VqEbCxg2bNI","0x84043a3b88685353:0xed64b4be6b099811",0,20171221,23.634501,-102.552784,"Mexico","Mexico","MX","MX",".mx"
753292,"Moldova, Republic of",753292,"Ioana Ignat","/insights/artist?entity_params_entity=ARTIST&entity_params_id","Nu ma uita","https://www.youtube.com/watch?v=opWD4wILjmg","0x40c97c3628b769a1:0x258119acdf53accb",0,20171221,47.411631,28.369885,"Moldova","Moldova, Republic of","MD","MD",".md"
656102,"Mongolia",656102,"Ed Sheeran","/insights/artist?entity_params_entity=ARTIST&entity_params_id=%2Fm%2F0g9sr1k","Shape of You","https://www.youtube.com/watch?v=JGwWNGJdvx8","0x3627050669aa6d4b:0xe0dd213937e6e096",0,20171221,46.862496,103.846656,"Mongolia","Mongolia","MG","MN",".mn"
313141,"Montenegro",313141,"Ceca","/insights/artist?entity_params_entity=ARTIST&entity_params_id=%2Fm%2F03f5kjh","Lazov notorni - (Official Video 2017)","https://www.youtube.com/watch?v=RuhRT7OJ8LA","0x134c3217242c1fcb:0x384c9d866effd346",0,20171221,42.708678,19.37439,"Montenegro","Montenegro","MJ","ME",".me"
4690979,"Morocco",4690979,"Zouhair Bahaoui","/insights/artist?entity_params_entity=ARTIST&entity_params_id","Zouhair Bahaoui - MUCHAS GRACIAS | Exclusive Music Video | زهير البهاوي","https://www.youtube.com/watch?v=q-D_pgCIRqw","0xd0b88619651c58d:0xd9d39381c42cffc3",0,20171221,31.791702,-7.09262,"Morocco","Morocco","MO","MA",".ma"
117118,"Mozambique",117118,"Liloca","/insights/artist?entity_params_entity=ARTIST&entity_params_id","Tsova","https://www.youtube.com/watch?v=5QgajC2e8X8","0x18d4aceae6fd4ac5:0x12bbbfb9ae16a115",0,20171221,-18.665695,35.529562,"Mozambique","Mozambique","MZ","MZ",".mz"
1538964,"Nepal",1538964,"Ed Sheeran","/insights/artist?entity_params_entity=ARTIST&entity_params_id=%2Fm%2F0g9sr1k","Shape of You","https://www.youtube.com/watch?v=JGwWNGJdvx8","0x3995e8c77d2e68cf:0x34a29abcd0cc86de",0,20171221,28.394857,84.124008,"Nepal","Nepal","NP","NP",".np"
4122349,"Netherlands",4122349,"Ed Sheeran","/insights/artist?entity_params_entity=ARTIST&entity_params_id=%2Fm%2F0g9sr1k","Perfect","https://www.youtube.com/watch?v=2Vv-BfVoq4g","0x47c609c3db87e4bb:0xb3a175ceffbd0a9f",0,20171221,52.132633,5.291266,"Netherlands","Netherlands","NL","NL",".nl"
1586322,"New Zealand",1586322,"Camila Cabello","/insights/artist?entity_params_entity=ARTIST&entity_params_id=%2Fm%2F0vzgltt","Havana","https://www.youtube.com/watch?v=BQ0mxQXmLsk","0x6d2c200e17779687:0xb1d618e2756a4733",0,20171221,-40.900557,174.885971,"New Zealand","New Zealand","NZ","NZ",".nz"
574585,"Nigeria",574585,"Davido","/insights/artist?entity_params_entity=ARTIST&entity_params_id=%2Fm%2F0_1jk45","FIA","https://www.youtube.com/watch?v=8ORvJcpe2Oc","0x104e0baf7da48d0d:0x99a8fe4168c50bc8",0,20171221,9.081999,8.675277,"Nigeria","Nigeria","NI","NG",".ng"
29531,"Northern Mariana Islands",29531,"Camila Cabello","/insights/artist?entity_params_entity=ARTIST&entity_params_id=%2Fm%2F0vzgltt","Havana","https://www.youtube.com/watch?v=BQ0mxQXmLsk","0x66d8b13490995c51:0x9db7ebab7c3a0e32",0,20171221,15.0979,145.6739,"Northern Mariana Islands","Northern Mariana Islands","CQ","MP",".mp"
596948,"Oman",596948,"بدر الشعيفاني","/insights/artist?entity_params_entity=ARTIST&entity_params_id","عيدية حرب","https://www.youtube.com/watch?v=UjDI5iFYhZg","0x3dd69f66a9d59bbf:0x3a064c7665b1a817",0,20171221,21.4735329,55.975413,"Oman","Oman","MU","OM",".om"
4512786,"Pakistan",4512786,"Meet Bros","/insights/artist?entity_params_entity=ARTIST&entity_params_id=%2Fm%2F0w7ngb0","Cham Cham","https://www.youtube.com/watch?v=f6vY6tYvKGA","0x38db52d2f8fd751f:0x46b7a1f7e614925c",1,20171221,30.375321,69.345116,"Pakistan","Pakistan","PK","PK",".pk"
1787310,"Paraguay",1787310,"Natti Natasha","/insights/artist?entity_params_entity=ARTIST&entity_params_id=%2Fm%2F0m0j1lt","Criminal","https://www.youtube.com/watch?v=VqEbCxg2bNI","0x945c083490f13d63:0xb3faff611d582ef3",0,20171221,-23.442503,-58.443832,"Paraguay","Paraguay","PA","PY",".py"
35330479,"Philippines",35330479,"Ed Sheeran","/insights/artist?entity_params_entity=ARTIST&entity_params_id=%2Fm%2F0g9sr1k","Perfect","https://www.youtube.com/watch?v=2Vv-BfVoq4g","0x324053215f87de63:0x784790ef7a29da57",0,20171221,12.879721,121.774017,"Philippines","Philippines","RP","PH",".ph"
17724877,"Poland",17724877,"Ed Sheeran","/insights/artist?entity_params_entity=ARTIST&entity_params_id=%2Fm%2F0g9sr1k","Perfect","https://www.youtube.com/watch?v=2Vv-BfVoq4g","0x47009964a4640bbb:0x97573ca49cc55ea",0,20171221,51.919438,19.145136,"Poland","Poland","PL","PL",".pl"
3815435,"Portugal",3815435,"Luis Fonsi","/insights/artist?entity_params_entity=ARTIST&entity_params_id=%2Fm%2F063c3f","Échame la Culpa","https://www.youtube.com/watch?v=TyHvyGVs42U","0xb32242dbf4226d5:0x2ab84b091c4ef041",0,20171221,39.399872,-8.224454,"Portugal","Portugal","PO","PT",".pt"
573229,"Qatar",573229,"Camila Cabello","/insights/artist?entity_params_entity=ARTIST&entity_params_id=%2Fm%2F0vzgltt","Havana","https://www.youtube.com/watch?v=BQ0mxQXmLsk","0x3e45c534ffdce87f:0x1cfa88cf812b4032",1,20171221,25.354826,51.183884,"Qatar","Qatar","QA","QA",".qa"
7599901,"Romania",7599901,"Camila Cabello","/insights/artist?entity_params_entity=ARTIST&entity_params_id=%2Fm%2F0vzgltt","Havana","https://www.youtube.com/watch?v=BQ0mxQXmLsk","0x40b1ff26958976c3:0x84ef4f92a804b194",0,20171221,45.943161,24.96676,"Romania","Romania","RO","RO",".ro"
13607257,"Russia",13607257,"Vremya i Steklo","/insights/artist?entity_params_entity=ARTIST&entity_params_id=%2Fg%2F11b6swz3_h","Тролль","https://www.youtube.com/watch?v=q--5Ht49vNY","0x453c569a896724fb:0x1409fdf86611f613",0,20171221,61.52401,105.318756,"Russia","Russia","RS","RU",".ru"
100134,"Rwanda",100134,"Meddy","/insights/artist?entity_params_entity=ARTIST&entity_params_id","Slowly","https://www.youtube.com/watch?v=fAjArUewW48","0x19c29654e73840e3:0x7490b026cbcca103",0,20171221,-1.940278,29.873888,"Rwanda","Rwanda","RW","RW",".rw"
30969,"Saint Kitts and Nevis",30969,"Cardi B","/insights/artist?entity_params_entity=ARTIST&entity_params_id=%2Fg%2F11dxl0k0k2","Bodak Yellow","https://www.youtube.com/watch?v=PEGccV-NOm8","0x8c12196ec68a720d:0xdee99ac69a1d86e8",0,20171221,17.357822,-62.782998,"St Kitts & Nevis","Saint Kitts and Nevis","SC","KN",".kn"
56112,"Saint Lucia",56112,"Popcaan","/insights/artist?entity_params_entity=ARTIST&entity_params_id=%2Fm%2F0cmbjx3","El Chapo","https://www.youtube.com/watch?v=DH9MQNECtd8","0x8c406065f12da31d:0x6e7486c4e8399df5",0,20171221,13.909444,-60.978893,"St Lucia","Saint Lucia","ST","LC",".lc"
93698,"Saint Vincent and the Grenadines",93698,"Alkaline","/insights/artist?entity_params_entity=ARTIST&entity_params_id=%2Fg%2F11bcf53hqz","Suave","https://www.youtube.com/watch?v=m2_QDsFU1Ks","0x8c40ace29e3935bb:0x31fdd3e88dd2a1b1",0,20171221,12.984305,-61.287228,"St Vincent and the Grenadines","Saint Vincent and the Grenadines","VC","VC",".vc"
14634438,"Saudi Arabia",14634438,"بدر الشعيفاني","/insights/artist?entity_params_entity=ARTIST&entity_params_id","عيدية حرب","https://www.youtube.com/watch?v=UjDI5iFYhZg","0x15e7b33fe7952a41:0x5960504bc21ab69b",0,20171221,23.885942,45.079162,"Saudi Arabia","Saudi Arabia","SA","SA",".sa"
656891,"Senegal",656891,"Aida Samb","/insights/artist?entity_params_entity=ARTIST&entity_params_id","Lan La? (feat. Pape Thiopet)","https://www.youtube.com/watch?v=QUF0Ac5xATI","0xec172f5b3c5bb71:0x5a46a55099615940",0,20171221,14.497401,-14.452362,"Senegal","Senegal","SG","SN",".sn"
3006986,"Serbia",3006986,"Ceca","/insights/artist?entity_params_entity=ARTIST&entity_params_id=%2Fm%2F03f5kjh","Lazov notorni - (Official Video 2017)","https://www.youtube.com/watch?v=RuhRT7OJ8LA","0x47571ddff2898095:0x55e50ea3723865d",0,20171221,44.016521,21.005859,"Serbia","Serbia","RI","RS",".rs"
1934715,"Singapore",1934715,"Camila Cabello","/insights/artist?entity_params_entity=ARTIST&entity_params_id=%2Fm%2F0vzgltt","Havana","https://www.youtube.com/watch?v=BQ0mxQXmLsk","0x31da11238a8b9375:0x887869cf52abf5c4",0,20171221,1.352083,103.819836,"Singapore","Singapore","SN","SG",".sg"
14665,"Sint Maarten",14665,"Lil Pump","/insights/artist?entity_params_entity=ARTIST&entity_params_id=%2Fg%2F11dyxzlwk2","Gucci Gang","https://www.youtube.com/watch?v=4LfJnj66HVQ","0x8c0e6e62d6f890c3:0x728b2cc226338f42",0,20171221,18.04248,-63.05483,"Sint Maarten","Sint Maarten","NN","SX",".sx"
1893152,"Slovakia",1893152,"Camila Cabello","/insights/artist?entity_params_entity=ARTIST&entity_params_id=%2Fm%2F0vzgltt","Havana","https://www.youtube.com/watch?v=BQ0mxQXmLsk","0x471460b9ae7cc67f:0xcd6b6167b1723a7d",0,20171221,48.669026,19.699024,"Slovakia","Slovakia","LO","SK",".sk"
957337,"Slovenia",957337,"Ed Sheeran","/insights/artist?entity_params_entity=ARTIST&entity_params_id=%2Fm%2F0g9sr1k","Perfect","https://www.youtube.com/watch?v=2Vv-BfVoq4g","0x476524e75e968361:0xe740451e25e2d465",0,20171221,46.151241,14.995463,"Slovenia","Slovenia","SI","SI",".si"
119968,"Somalia",119968,"Neha Kakkar","/insights/artist?entity_params_entity=ARTIST&entity_params_id=%2Fm%2F0bccg_","Kudiya Shehar Diyan","https://www.youtube.com/watch?v=92GZNSJICQE","0x181d2ea7ecd15b83:0x9e393ace5ce9e5be",0,20171221,5.152149,46.199616,"Somalia","Somalia","SO","SO",".so"
2418705,"South Africa",2418705,"Distruction Boyz","/insights/artist?entity_params_entity=ARTIST&entity_params_id","Omunye","https://www.youtube.com/watch?v=XpXub2jU38Q","0x1c34a689d9ee1251:0xe85d630c1fa4e8a0",0,20171221,-30.559482,22.937506,"South Africa","South Africa","SF","ZA",".za"
755221,"Sri Lanka",755221,"Vineeth Sreenivasan","/insights/artist?entity_params_entity=ARTIST&entity_params_id=%2Fm%2F07t38w","Entammede Jimikki Kammal","https://www.youtube.com/watch?v=FXiaIH49oAU","0x3ae2593cf65a1e9d:0xe13da4b400e2d38c",0,20171221,7.873054,80.771797,"Sri Lanka","Sri Lanka","CE","LK",".lk"
82740,"Sudan",82740,"Ed Sheeran","/insights/artist?entity_params_entity=ARTIST&entity_params_id=%2Fm%2F0g9sr1k","Shape of You","https://www.youtube.com/watch?v=JGwWNGJdvx8","0x15d91cc41072b195:0xd2bf70462a612b37",0,20171221,12.862807,30.217636,"Sudan","Sudan","SU","SD",".sd"
166941,"Suriname",166941,"Ed Sheeran","/insights/artist?entity_params_entity=ARTIST&entity_params_id=%2Fm%2F0g9sr1k","Perfect","https://www.youtube.com/watch?v=2Vv-BfVoq4g","0x8d0836d5d9d3d551:0x1037e1c0712936b2",0,20171221,3.919305,-56.027783,"Suriname","Suriname","NS","SR",".sr"
1507568,"Sweden",1507568,"Camila Cabello","/insights/artist?entity_params_entity=ARTIST&entity_params_id=%2Fm%2F0vzgltt","Havana","https://www.youtube.com/watch?v=BQ0mxQXmLsk","0x465cb2396d35f0f1:0x22b8eba28dad6f62",0,20171221,60.128161,18.643501,"Sweden","Sweden","SW","SE",".se"
2253496,"Switzerland",2253496,"Camila Cabello","/insights/artist?entity_params_entity=ARTIST&entity_params_id=%2Fm%2F0vzgltt","Havana","https://www.youtube.com/watch?v=BQ0mxQXmLsk","0x478c64ef6f596d61:0x5c56b5110fcb7b15",0,20171221,46.818188,8.227512,"Switzerland","Switzerland","SZ","CH",".ch"
752198,"Syrian Arab Republic",752198,"Fairuz","/insights/artist?entity_params_entity=ARTIST&entity_params_id=%2Fm%2F02g1vx","Biktub Ismak","https://www.youtube.com/watch?v=8nX2n8UKbWA","0x1518e6dc413cc6a7:0x877546f4882af620",0,20171221,34.802075,38.996815,"Syria","Syrian Arab Republic","SY","SY",".sy"
7940817,"Taiwan",7940817,"Da Zhuang","/insights/artist?entity_params_entity=ARTIST&entity_params_id","Wo Men Bu Yi Yang","https://www.youtube.com/watch?v=ekDzlSB1p28","0x346ef3065c07572f:0xe711f004bf9c5469",0,20171221,23.69781,120.960515,"Taiwan","Taiwan","TW","TW",".tw"
1248275,"Tanzania, United Republic of",1248275,"Diamond Platnumz","/insights/artist?entity_params_entity=ARTIST&entity_params_id=%2Fm%2F0wyylr2","Waka","https://www.youtube.com/watch?v=q1iHgDTplfw","0x184b51314869a111:0x885a17314bc1c430",0,20171221,-6.369028,34.888822,"Tanzania","Tanzania, United Republic of","TZ","TZ",".tz"
121285016,"Thailand",121285016,"MATTEO","/insights/artist?entity_params_entity=ARTIST&entity_params_id=%2Fg%2F11b7_vf8_m","Panama","https://www.youtube.com/watch?v=tMmMTdc7RE0","0x304d8df747424db1:0x9ed72c880757e802",0,20171221,15.870032,100.992541,"Thailand","Thailand","TH","TH",".th"
834533,"The Former Yugoslav Republic of Macedonia",834533,"Camila Cabello","/insights/artist?entity_params_entity=ARTIST&entity_params_id=%2Fm%2F0vzgltt","Havana","https://www.youtube.com/watch?v=BQ0mxQXmLsk","0x1354159f70bc4809:0xe0f25ad6c81fc5b1",0,20171221,41.608635,21.745275,"Macedonia (FYROM)","The Former Yugoslav Republic of Macedonia","MK","MK",".mk"
27244,"Togo",27244,"Shado Chris","/insights/artist?entity_params_entity=ARTIST&entity_params_id","C'est pas possible","https://www.youtube.com/watch?v=QVA1g2wF0kQ","0x1023e1c113185419:0xfaae5b301ad19360",0,20171221,8.619543,0.824782,"Togo","Togo","TO","TG",".tg"
626689,"Trinidad and Tobago",626689,"Marge Blackman","/insights/artist?entity_params_entity=ARTIST&entity_params_id","Full of Vibe","https://www.youtube.com/watch?v=FYQVKIILtZc","0x8c3607976350b6c5:0xff082855c639f127",0,20171221,10.691803,-61.222503,"Trinidad and Tobago","Trinidad and Tobago","TD","TT",".tt"
2271396,"Tunisia",2271396,"Klay BBj","/insights/artist?entity_params_entity=ARTIST&entity_params_id","Klay - Dima Labes ft. Rayen","https://www.youtube.com/watch?v=51uJNBsvsuU","0x125595448316a4e1:0x3a84333aaa019bef",0,20171221,33.886917,9.537499,"Tunisia","Tunisia","TS","TN",".tn"
46479513,"Turkey",46479513,"Ersay Üner","/insights/artist?entity_params_entity=ARTIST&entity_params_id=%2Fg%2F11bwysh412","İki Aşık","https://www.youtube.com/watch?v=ibwSWfbaW0I","0x14b0155c964f2671:0x40d9dbd42a625f2a",0,20171221,38.963745,35.243322,"Turkey","Turkey","TU","TR",".tr"
8673,"Turks and Caicos Islands",8673,"Lil Pump","/insights/artist?entity_params_entity=ARTIST&entity_params_id=%2Fg%2F11dyxzlwk2","Gucci Gang","https://www.youtube.com/watch?v=4LfJnj66HVQ","0x894b5f55bebb6b75:0x7e11c780028dc1de",0,20171221,21.694025,-71.797928,"TKCA 1ZZ, Turks and Caicos Islands","Turks and Caicos Islands","TK","TC",".tc"
10067800,"Ukraine",10067800,"Vremya i Steklo","/insights/artist?entity_params_entity=ARTIST&entity_params_id=%2Fg%2F11b6swz3_h","Тролль","https://www.youtube.com/watch?v=q--5Ht49vNY","0x40d1d9c154700e8f:0x1068488f64010",0,20171221,48.379433,31.1655799,"Ukraine","Ukraine","UP","UA",".ua"
2169546,"United Arab Emirates",2169546,"Camila Cabello","/insights/artist?entity_params_entity=ARTIST&entity_params_id=%2Fm%2F0vzgltt","Havana","https://www.youtube.com/watch?v=BQ0mxQXmLsk","0x3e5e48dfb1ab12bd:0x33d32f56c0080aa7",1,20171221,23.424076,53.847818,"United Arab Emirates","United Arab Emirates","AE","AE",".ae"
19092060,"United Kingdom",19092060,"Camila Cabello","/insights/artist?entity_params_entity=ARTIST&entity_params_id=%2Fm%2F0vzgltt","Havana","https://www.youtube.com/watch?v=BQ0mxQXmLsk","0x25a3b1142c791a9:0xc4f8a0433288257a",0,20171221,55.378051,-3.435973,"United Kingdom","United Kingdom","UK","GB",".uk"
81225571,"United States",81225571,"Lil Pump","/insights/artist?entity_params_entity=ARTIST&entity_params_id=%2Fg%2F11dyxzlwk2","Gucci Gang","https://www.youtube.com/watch?v=4LfJnj66HVQ","0x54eab584e432360b:0x1c3bb99243deb742",0,20171221,37.09024,-95.712891,"United States","United States","US","US",".us"
3188947,"Uruguay",3188947,"Natti Natasha","/insights/artist?entity_params_entity=ARTIST&entity_params_id=%2Fm%2F0m0j1lt","Criminal","https://www.youtube.com/watch?v=VqEbCxg2bNI","0x9575073afb5fde09:0x4a5596616016524a",0,20171221,-32.522779,-55.765835,"Uruguay","Uruguay","UY","UY",".uy"
253094,"Uzbekistan",253094,"Munisa Rizayeva","/insights/artist?entity_params_entity=ARTIST&entity_params_id","Alamim bor","https://www.youtube.com/watch?v=pbA6leWkoRo","0x38ae8b20a5d676b1:0xca0a6dad7e841e20",0,20171221,41.377491,64.585262,"Uzbekistan","Uzbekistan","UZ","UZ",".uz"
9705841,"Venezuela",9705841,"Natti Natasha","/insights/artist?entity_params_entity=ARTIST&entity_params_id=%2Fm%2F0m0j1lt","Criminal","https://www.youtube.com/watch?v=VqEbCxg2bNI","0x8c2853cb36cbd801:0xdca0f2587cd54dd3",0,20171221,6.42375,-66.58973,"Venezuela","Venezuela","VE","VE",".ve"
24331179,"Vietnam",24331179,"Tran Nhat Quang","/insights/artist?entity_params_entity=ARTIST&entity_params_id","Ngay Cuoi Em","https://www.youtube.com/watch?v=zjw1GwvQT4U","0x31157a4d736a1e5f:0xb03bb0c9e2fe62be",0,20171221,14.058324,108.277199,"Vietnam","Vietnam","VM","VN",".vn"
8620,"Virgin Islands (US)",8620,"Lil Pump","/insights/artist?entity_params_entity=ARTIST&entity_params_id=%2Fg%2F11dyxzlwk2","Gucci Gang","https://www.youtube.com/watch?v=4LfJnj66HVQ","0x8c051065f2daacb9:0xf91d891d1bc51c05",0,20171221,18.335765,-64.896335,"U.S. Virgin Islands","Virgin Islands (US)","VQ","VI",".vi"
109493,"Yemen",109493,"Nicos","/insights/artist?entity_params_entity=ARTIST&entity_params_id=%2Fm%2F01tx7bx","Secret Love","https://www.youtube.com/watch?v=ykPmM7Me2fM","0x1603dbac7c34bc5f:0x92f129377eae77ae",0,20171221,15.552727,48.516388,"Yemen","Yemen","YM","YE",".ye"
